{
  "accuracy": 0.9339984650805833,
  "f1_score": 0.8259109311740891,
  "auc_roc": 0.9486270362090655
}